创作,链接,标题,描述,时间,阅读,评论
原创,https://dream.blog.csdn.net/article/details/114586600,国内首创滚雪球学编程之 Python 技术栈文章清单（还在更新中）,滚雪球学 Python 系列专栏，国产区一套非常牛的课程。,2021-03-09 16:24:09,8370,34
原创,https://dream.blog.csdn.net/article/details/112828152,Python OpenCV 365 天超长学习计划（2021-03-02 更新，已连载 51 篇）,这个系列的教程更新周期为365天，没错，一个巨长的学习周期每天一小时，跟着橡皮擦一起学习 Python OpenCV 吧365 天之后，希望我们一起进入图像处理的世界专栏查看地址：https://blog.csdn.net/hihell/category_10688961.htmlPython OpenCV 学习目录故事开始了，Python 图像算法取经之旅 365 天的第 1 天图像基本概念，Python 图像算法取经之旅 365 天的第 2 天Continue 玩转像素点，Python,2021-01-19 14:30:34,10169,37
原创,https://dream.blog.csdn.net/article/details/110940020,我是梦想橡皮擦，这是我在 CSDN 所有博客系列的清单（2021年1月31日更新）,橡皮擦，一个坚持写技术博客的人。,2020-12-09 20:48:22,18392,31
原创,https://dream.blog.csdn.net/article/details/86106916,Python爬虫100例教程导航帖（已完结）,Python爬虫入门教程导航，目标100篇。本系列博客争取把爬虫入门阶段的所有内容都包含住，需要你有较好的Python基础知识，当然你完全零基础也可以观看本系列博客。Python爬虫入门教程，加油！,2020-08-14 15:29:06,132394,203
原创,https://dream.blog.csdn.net/article/details/120192982,首次公开，整理12年积累的博客收藏夹，零距离展示《收藏夹吃灰》系列博客,这篇博客，整理了3个小时，值了,2021-09-09 10:36:20,134,25
原创,https://dream.blog.csdn.net/article/details/120153197,2. Python函数式编程中的字符串，元组，函数的分类，高阶函数，一篇文章都介绍一遍,函数式编程，有点难度,2021-09-08 11:06:39,364,2
原创,https://dream.blog.csdn.net/article/details/120011196,低调的采集，低调的学习，用自然资源部信息中心网站，来练习Python爬虫,这个小爬虫，挺【刑】的,2021-09-07 11:59:11,62,1
原创,https://dream.blog.csdn.net/article/details/120129762,1. 滚雪球学Python第四季开启，一需三吃，Python 函数式编程初识，面向过程，面向对象，函数式,启动，学Python就从这里开始吧,2021-09-06 15:53:10,1322,23
原创,https://dream.blog.csdn.net/article/details/120010913,requests-html库初识 + 无资料解BUG之 I/O error : encoder error，Python爬虫第30例,这篇博客解决了一个BUG，恭喜你发现了encoding error : input conversion failed due to input error， bytes 0x81 0xE3 0xD3 0xAA,2021-09-05 21:34:43,486,7
原创,https://dream.blog.csdn.net/article/details/120010272,用Python保住“设计大哥“的头发，直接甩给他10000张参考图，爬虫采集【稿定设计】平面模板素材,看了一眼设计大哥的头发而设计的程序,2021-09-04 14:10:28,1903,17
原创,https://dream.blog.csdn.net/article/details/119941727,Python爬虫采集，中介网互联网网站排行榜， 样本数量：58341,58341 这个数字是啥意思？,2021-09-03 15:22:34,671,17
原创,https://dream.blog.csdn.net/article/details/119914560,一个站点不够学？那就在用Python增加一个采集目标，一派话题广场+某金融论坛话题广场爬虫,因为简单，所以写了2个Python爬虫，学习难度就提升了,2021-09-02 11:29:46,775,13
原创,https://dream.blog.csdn.net/article/details/119914401,全国美容大夫数据采集数据（花容网 huaroo 公开数据），爬虫120例之26例,这位帅程序员，整个形吗？,2021-09-01 09:59:21,160,2
原创,https://dream.blog.csdn.net/article/details/120005454,写代码的时候，竟然发现了10+个【了不得】的网站，必须分享,众所周知，程序员是一个充满创意的圈子，,2021-08-31 08:45:55,445,1
原创,https://dream.blog.csdn.net/article/details/119982537,赞！一篇博客讲解清楚 Python queue模块，作为Python爬虫预备知识，用它解决采集队列问题,好家伙，真一大篇~,2021-08-30 11:05:12,1457,17
原创,https://dream.blog.csdn.net/article/details/119914306,我们的骄傲！非遗数据采集，来自官方的数据，Python爬虫无所不爬,骄傲，非物质文化遗产,2021-08-29 11:14:27,775
原创,https://dream.blog.csdn.net/article/details/119914288,虎牙直播数据采集，为数据分析做储备，Python爬虫120例之第24例,多线程的虎牙直播爬虫,2021-08-28 23:09:32,2561,19
原创,https://dream.blog.csdn.net/article/details/119870926,值！一篇博客，容纳11个Python爬虫案例总结，《爬虫100例》专栏第6篇复盘文章,《爬虫100例》复盘到第40篇啦,2021-08-27 15:28:11,2404,17
原创,https://dream.blog.csdn.net/article/details/119914203,懒人畅听网，有声小说类目数据采集，多线程速采案例，Python爬虫120例之23例,学多线程，就要多练,2021-08-27 10:52:48,771,1
原创,https://dream.blog.csdn.net/article/details/119931364,谁有粉？就爬谁！他粉多，就爬他！Python 多线程采集 260000+ 粉丝数据,Python 爬虫精彩案例,2021-08-27 00:30:07,1755,19
原创,https://dream.blog.csdn.net/article/details/119878744,孔夫子旧书网数据采集，举一反三学爬虫，Python爬虫120例第21例,一站式采集服务,2021-08-25 21:17:24,2232,32
原创,https://dream.blog.csdn.net/article/details/119850647,Python爬虫120例之第20例，1637、一路商机网全站加盟数据采集,销售用的数据，是更有价值的数据,2021-08-23 13:57:35,1030,4
原创,https://dream.blog.csdn.net/article/details/119633700,正则表达式 与 XPath 语法领域细解，初学阶段的你，该怎么学？,周末不休息，更文！,2021-08-21 16:11:31,903,8
原创,https://dream.blog.csdn.net/article/details/119812412,3句话，让你学会Python条件与分支，那是不可能的……,本文将从【完全零基础】的视角，为你阐述Python中的条件分支。,2021-08-21 11:28:32,975,8
原创,https://dream.blog.csdn.net/article/details/119765599,番外7. 在 Python OpenCV 寻找目标区域以及边缘扩展的解决方案,本系列专栏写作方式本系列专栏将采用首创的问答式写作形式，快速让你学习到 OpenCV 的初级、中级、高级知识。7. 在 Python OpenCV 寻找目标区域以及边缘扩展的解决方案针对图像的特定区域进行操作，在 OpenCV 中被称作 ROI ，即目标区域或者叫做感兴趣区域，在处理图像的时候，可以先定位一个目标区域，然后再在该区域进行细节筛选，这样可以提高我们程序的速度和准确性。实现 ROI 操作其实就是采用 numpy 对图像进行操作例如下述测试代码，我们需要寻找图像指定区域import c,2021-08-17 20:46:49,2521,4
原创,https://dream.blog.csdn.net/article/details/119633672,requests库与 lxml 库常用操作整理+总结，爬虫120例阶段整理篇,实操下来的经验总结，值得一看,2021-08-16 17:26:44,2160,14
原创,https://dream.blog.csdn.net/article/details/119719818,番外6. 在 Python OpenCV 针对图像细节的不同操作,本系列专栏写作方式本系列专栏写作将采用首创的问答式写作形式，快速让你学习到 OpenCV 的初级、中级、高级知识。6. 在 Python OpenCV 针对图像细节的不同操作本篇博客的目标将为你解释一幅图像的拆解，包括图像像素的说明，图像属性信息的获取与修改，图像目标区域 ROI 相关内容，以及图像通道的知识（包括拆分通道和合并通道）这些内容在知识结构上与 numpy 库十分紧密，如果从学习的角度出发，建议你储备一下 numpy 相关知识。读取修改图像的像素值在之前的博客中，我们已经学到了如何,2021-08-15 20:57:37,2050,3
原创,https://dream.blog.csdn.net/article/details/119705251,番外5. Python OpenCV 中滑动条详细说明与常见问题解决方案,本系列专栏写作方式本系列专栏写作将采用首创的问答式写作形式，快速让你学习到 OpenCV 的初级、中级、高级知识。5. Python OpenCV 中滑动条详细说明与常见问题解决方案滑动条在 OpenCV 相关案例中使用场景非常丰富，很多时候都需要借助于滑动条进行相关参数的获取。掌握滑动条，只需要掌握 cv2.createTrackbar 与 cv2.getTrackbarPos 两个函数即可。以上两个函数的原型，可以直接通过 help 函数查阅，本系列专栏对于函数原型只做简单说明createT,2021-08-14 19:43:19,1980,1
原创,https://dream.blog.csdn.net/article/details/119632820,爬虫120例之第17例，用Python面向对象的思路，采集各种精彩句子,来自采集结果：每当在路上看到跟你同款的车，心都要咯噔一下，都会下意识的瞟一眼车牌，遗憾不是你，紧张是你，可惜不是你，又怕是你。,2021-08-12 20:49:50,1441,7
原创,https://dream.blog.csdn.net/article/details/111028288,极复杂编码，下载《原神》角色高清图、中日无损配音，爬虫 16 / 120 例,原神，游戏素材,2021-08-10 23:04:10,1405,26
原创,https://dream.blog.csdn.net/article/details/119515764,番外4. Python OpenCV 中鼠标事件相关处理与常见问题解决方案,本系列专栏写作方式本系列专栏写作将采用首创的问答式写作形式，快速让你学习到 OpenCV 的初级、中级、高级知识。4. Python OpenCV 中鼠标事件相关处理与常见问题解决方案本篇博客主要分析 cv2.setMouseCallback 函数，以及该函数在日常编码中出现问题是如何进行解决。本函数主要是 OpenCV 中用来处理鼠标相关事件的函数，通过它可以捕获到数据触发的事件，并对其进行处理。使用该函数前，可以先通过 help 函数查阅基本用法。该函数原型如下：setMouseCallb,2021-08-08 15:52:34,1696,7
原创,https://dream.blog.csdn.net/article/details/119492274,番外3. Python OpenCV 中如何绘制各种图形？,本系列专栏写作方式本系列专栏写作将采用首创的问答式写作形式，快速让你学习到 OpenCV 的初级、中级、高级知识。3. Python OpenCV 中如何绘制各种图形？本篇博客主要分享一下在 Python OpenCV 中绘制不同的几何图形。这里的几何图形，主要涉及的是平面图形，例如直线，圆形，矩形，椭圆形，当然在图像上绘制文字也属于图形范畴涉及到的具体函数包括 cv2.line、 cv2.circle、 cv2.rectangle、 cv2.ellipse、 cv2.putText接下来我们将,2021-08-07 20:34:58,2592,8
原创,https://dream.blog.csdn.net/article/details/119379372,3年已过，你知道这些目标网站，过去是如何被爬的吗？爬虫100例复盘5,今日技术复盘，舒服了,2021-08-04 11:32:34,2884,15
原创,https://dream.blog.csdn.net/article/details/119320807,一篇博客，拿下7个爬虫案例，够几天的学习量啦，《爬虫100例》第4篇复盘文章,复盘一次，够学一周,2021-08-02 13:17:20,4197,25
原创,https://dream.blog.csdn.net/article/details/119303970,番外2. OpenCV 中摄像头捕获与视频处理与常见问题解决方案,本系列专栏写作方式本系列专栏写作将采用首创的问答式写作形式，快速让你学习到 OpenCV 的初级、中级、高级知识。2. OpenCV 中摄像头捕获与视频处理OpenCV 除了应用在图像处理领域外，还会应用到视频处理领域，接下来我们就将学习到，如何通过Python OpenCV 对摄像头捕获或者视频文件进行处理。视频文件将从三个方向入手，分别是读取文件，显示视频，保存视频。本文将为你核心解决以下2个函数：cv2.VideoCapture 与 cv2.VideoWrite，基于这2个函数，会衍生出其它,2021-08-01 21:30:51,2050,14
原创,https://dream.blog.csdn.net/article/details/119303891,番外1. OpenCV 图像处理之图片加载与视频加载,本系列专栏写作方式交代本系列专栏写作将采用首创的问答式写作形式，快速让你学习到 OpenCV 的初级、中级、高级知识。1. OpenCV 中图片是如何加载与显示的？学习 OpenCV 的第一步就是加载图片，类似学习任何编程语言的 Hello Word一样， 将电脑磁盘上的图片加载到程序中，才可以进行后续的操作。在加载图片的过程中，我们将使用到三个核心函数，分别如下：cv2.imread 读取图片cv2.imshow 展示图片cv2.imwrite 写入图片任何图像处理领域的高手，都是伴随,2021-08-01 21:27:11,1563
原创,https://dream.blog.csdn.net/article/details/110381786,python-cheatsheet，一款很全的Python小抄库,这篇文章竟然在草稿箱，存了快一年,2021-07-30 11:22:44,1159,2
原创,https://dream.blog.csdn.net/article/details/119137580,整个大活，采集8个代理IP站点，为Python代理池铺路，爬虫120例之第15例,Python爬虫代理池，入门级的，来看看吧,2021-07-28 10:05:36,3701,23
原创,https://dream.blog.csdn.net/article/details/119108573,一篇文章，采集四个网站，它们是阳光理政，图虫网，书伴网，半次元网,爬虫100例，第3次复盘,2021-07-27 08:03:44,1465,11
原创,https://dream.blog.csdn.net/article/details/119103775,20选1，来挑一款最棒的JSON编辑器吧，用好工具，可提前60分钟下班,整理了4个消失，精心挑选20款工具,2021-07-26 11:42:21,1432,20
原创,https://dream.blog.csdn.net/article/details/119022757,12. 橡皮擦技术博客写作课，第一版收尾篇，写作也要懂点心理学,技术博客写作课1.0，收官大吉,2021-07-23 10:25:56,1148,7
原创,https://dream.blog.csdn.net/article/details/119000460,时隔3年，摄影网站依旧可用，果然靠谱，Python爬虫100例，第2篇复盘文章,复盘4课，可用3课,2021-07-22 16:37:17,2324,19
原创,https://dream.blog.csdn.net/article/details/118937027,Amazing！在CSDN官方插件里面，嵌入“自动签到”插件，自此再也不用手动签到,免签插件开发指南,2021-07-20 17:03:39,1410,12
原创,https://dream.blog.csdn.net/article/details/118890714,11. 一篇技术博客，如何获得更多的收藏呢？本篇博客告诉你,让阅读者收藏你的文章，可以先收藏这篇文章,2021-07-19 11:50:49,1095,14
原创,https://dream.blog.csdn.net/article/details/118831575,《爬虫100例专栏》复盘更新，再捋一遍这100篇文章，更新1，2，3，4 篇（收藏再看）,三年了，竟然还在更新,2021-07-19 08:57:14,3637,30
原创,https://dream.blog.csdn.net/article/details/118706925,老友(研发岗)被裁后，想加盟小吃店，我用Python采集了一点数据，多少是个心意,为啥要做餐饮呢？想不明白,2021-07-16 17:32:35,3814,35
原创,https://dream.blog.csdn.net/article/details/118761231,Windows11中的 powershell 无法运行 Activate.ps1,Windows11中的 powershell 无法运行 Activate.ps1,2021-07-15 16:05:39,1150,1
原创,https://dream.blog.csdn.net/article/details/118719042,保护！ 一款插件，2行代码，去除CSDN的关注博主阅读全文,这款插件叫做 就不关注,2021-07-14 10:05:20,2625,41
原创,https://dream.blog.csdn.net/article/details/118694949,10. 大家先看着，CSDN的热榜我就先冲了,写文章还是要考虑下热榜需求的,2021-07-13 11:42:10,1422,13
原创,https://dream.blog.csdn.net/article/details/118684628,9. 谁说技术分享博客，就不能收费了？知识本来就该被定价,知识付费一点点浅见,2021-07-13 09:38:38,1333,7
原创,https://dream.blog.csdn.net/article/details/118595568,加密分享，那些精彩绝绝伦的Python爬虫开源项目，先集7个吧,看代码，学编程，简单见效快。,2021-07-11 21:01:59,4075,23
原创,https://dream.blog.csdn.net/article/details/118598537,全网通用Python点赞器（俗称刷分机器），想知道原理吗？看完本文你自己也能写个,你的博客被我的机器人，点赞了吗？,2021-07-09 10:49:54,3792,66
原创,https://dream.blog.csdn.net/article/details/118558076,8. 无内容可写？应该注重平常的素材收集,素材收集不整理，毫无价值,2021-07-08 11:50:55,1108,2
原创,https://dream.blog.csdn.net/article/details/118541741,程序员（媛）不懂汉服？岂能让别人小看，咱先靠肉眼大数据识别万张穿搭照,有一说一，汉服真挺漂亮,2021-07-07 14:26:13,3872,45
原创,https://dream.blog.csdn.net/article/details/118485941,Python爬虫私活，代码公开！采集了20000+漫展历史数据，一言不合就开源,看完文章，省下 ￥100.00 元,2021-07-05 17:41:49,5249,86
原创,https://dream.blog.csdn.net/article/details/118463963,7. 技术博客的开头，中间，结尾都该怎么写？,希望本文的观点，能对你有所帮助。,2021-07-04 17:48:41,1132,16
原创,https://dream.blog.csdn.net/article/details/118385640,他说：“只是单纯的想用Python收集一些素颜照，做机器学习使用”，“我信你个鬼！”,征婚照片，可以一看,2021-07-02 13:47:40,4566,125
原创,https://dream.blog.csdn.net/article/details/118340372,爬动漫“上瘾”之后，放弃午休，迫不及待的用Python薅了腾讯动漫的数据，啧啧啧,爬虫120例的第10篇，小阶段，要个一键三连不过分吧,2021-06-29 17:40:25,47176,494
原创,https://dream.blog.csdn.net/article/details/118292156,为揭秘CSDN谁有100万粉丝？我连夜研发了粉丝数排行榜插件，通过 dalao 一键即可唤醒,竟然有52W+粉丝，牛,2021-06-28 11:28:14,3440,35
原创,https://dream.blog.csdn.net/article/details/118222271,10994部漫画信息，用Python实施大采集，因为反爬差一点就翻车了,擦哥说这网站不正经~,2021-06-27 17:08:22,4659,59
原创,https://dream.blog.csdn.net/article/details/118183396,6. 技术博客的标题怎么写，竟然真的有套路,技术博客起标题，是个大事,2021-06-24 15:10:13,1549,27
原创,https://dream.blog.csdn.net/article/details/118145504,5000张高清壁纸大图（手机用），用Python在法律的边缘又试探了一把,一辈子的手机壁纸都够用了,2021-06-23 14:45:06,34136,198
原创,https://dream.blog.csdn.net/article/details/118086952,5. 如果你也要写博客了，看看本篇博客中提及的选题吧,博客选题难？可以阅读本文。,2021-06-22 15:04:26,1399,3
原创,https://dream.blog.csdn.net/article/details/118088599,2011年参加工作，30岁+，一线研发的毕业寄语,是什么原因，让一个大佬有感而发。,2021-06-21 16:01:41,1727,7
原创,https://dream.blog.csdn.net/article/details/118035208,对Python爬虫编写者充满诱惑的网站，《可爱图片网》，瞧人这网站名字起的,这网站名字，起的就像等待被爬,2021-06-21 10:00:27,8685,51
原创,https://dream.blog.csdn.net/article/details/117918309,我用Python连夜离线了100G图片，只为了防止网站被消失,爬虫爬图，真的废硬盘,2021-06-16 15:09:05,86075,174
原创,https://dream.blog.csdn.net/article/details/117661488,技术圈的【多肉小达人】，一篇文章你就能做到,看完本文，你才知道原来有这么多种类的多肉。,2021-06-15 15:09:23,3672,17
原创,https://dream.blog.csdn.net/article/details/117920511,3天学完10套Python顶级教程，端午节技术人消失之谜,用3天看完这些课程，可能这就是大佬吧,2021-06-15 11:52:40,16225,67
原创,https://dream.blog.csdn.net/article/details/117458985,熊孩子说“你没看过奥特曼”，赶紧用Python学习一下，没想到,奥特曼原来有这么多呀！,2021-06-10 11:45:43,95624,177
原创,https://dream.blog.csdn.net/article/details/117742621,4. 写第一篇博客，最好的时间是今日，今时，今刻,技术博客写作课，第 5 篇文章,2021-06-09 22:04:58,1419,11
原创,https://dream.blog.csdn.net/article/details/117458947,Python 千猫图，简单技术满足你的收集控,这千猫图代码，我收了,2021-06-06 17:40:33,6274,48
原创,https://dream.blog.csdn.net/article/details/117622075,3. 你也要写技术博客？这篇博客告诉你平台怎么选,选一个好的技术写作平台，很重要。,2021-06-06 12:53:59,1971,45
原创,https://dream.blog.csdn.net/article/details/117519650,我，35岁程序员，离职前是这么做的,从没想过，我会交接,2021-06-03 22:44:40,5192,67
原创,https://dream.blog.csdn.net/article/details/117452568,我PICK的Python专栏 | 寻找C站宝藏,C站之巅,2021-06-01 21:26:45,1613,16
原创,https://dream.blog.csdn.net/article/details/117429398,1行代码爬CSDN热榜，Python哈啤酒式写法,橡皮擦，一个逗趣的互联网高级网虫项目背景群友：擦姐，CSDN 热榜数据最少能用几行代码爬取？擦姐：估计 10 行吧。群友：oh baby，show me your code！项目的需求就是这么来的，用最少行数的代码爬 CSDN 热榜。其中导入模块可以不算在代码行数中。看到最后，请把 感受 打在评论区爬虫分析待爬取目标：https://blog.csdn.net/rank/list数据接口，两次请求获取热榜前 100 数据。https://blog.csdn.net/phoenix/.,2021-05-31 21:53:28,4444,109
原创,https://dream.blog.csdn.net/article/details/117263206,番外篇. 冲CSDN热榜指南，面向搜索引擎的博客写作建议,这篇文章，在简单与不简单之间,2021-05-28 13:08:41,2942,20
原创,https://dream.blog.csdn.net/article/details/117338769,28分钟完成一款Python游戏，《客服戏翻总裁牌》,因CSDN限制了博客标题长度，故省略 2 个字，游戏名称为《运营抽 CSDN 总裁的卡牌》游戏背景本篇博客创意来源：CSDN 新星计划 Python 赛道群本游戏开发难度：入门级游戏试用场景：年会抽奖，少儿编程游戏需求描述：随机生成一定数量的格子，然后埋入总裁头像，抽中总裁奖励奥迪一辆。准备素材没错，CSDN 总裁和副总裁，请把专业团队打在评论区。稍后游戏中，我们将使用二者头像，制作一款充满金钱味道的游戏。游戏使用的 Python 框架是 pygame，该库小巧轻便，非常好使。.,2021-05-28 00:33:49,10289,126
原创,https://dream.blog.csdn.net/article/details/117221667,通过Python爬虫，发现60%女装大佬游走在cosplay领域,他悄悄跟我说，抓取了1000多张女装大佬的图片,2021-05-24 21:22:15,11609,102
原创,https://dream.blog.csdn.net/article/details/117200769,2. 为“她”而写的技术博客，是怎样的？,知道为谁写，才知道怎么写,2021-05-23 22:09:43,4444,19
原创,https://dream.blog.csdn.net/article/details/117024328,10行代码集2000张美女图，Python爬虫120例，再上征途,Python爬虫120例，又来啦,2021-05-21 23:46:23,87320,179
